Pool;384Well_Row;384Well_Col;Amplicon_ID;Ion_AmpliSeq_Fwd_Primer*;Ion_AmpliSeq_Rev_Primer*;LineItem_Type;Gene_Symbol;Genome_Version;Chr;Amplicon_Start;Insert_Start;Insert_Stop;Amplicon_Stop
1;G;18;AMPL2752422951;CCTGGCAAGTGTTTCCTGCTA;CAGAGTTTAAGATGGAGCCACAGA;GENE;HSD3B2;hg19;1;119958006;119958027;119958206;119958230
2;G;18;AMPL2751117291;GGAATGTAGTACACCCTCCACTCTAAT;GCTCATCCAGAATGTCTCCTTCAAG;GENE;HSD3B2;hg19;1;119961908;119961935;119962069;119962094
1;O;2;AMPL3662733841;GAACAGGACCAAGCTGACTGTA;TCCTTCTTTCTGATCCTCATTTAACCAA;GENE;HSD3B2;hg19;1;119962048;119962070;119962236;119962264
2;O;2;AMPL3662733959;CATGTGGTTGCAGCTCCTTTG;ATGTGTTTTCCAGAGGCTCTTCTT;GENE;HSD3B2;hg19;1;119964371;119964392;119964548;119964572
1;O;4;AMPL3662757044;CCTACAAGGAAATCATCCAGAACGG;TCTTAACGCACAAGTGTACAAGGTAT;GENE;HSD3B2;hg19;1;119964519;119964544;119964653;119964679
2;O;4;AMPL3662763351;GCGGCTAATGGGTGGAATCTA;GCCACGTTGCCAACATAGAC;GENE;HSD3B2;hg19;1;119964623;119964644;119964790;119964810
1;O;6;AMPL3662774813;GGAAAGTTCTCTACAGTCAACCCA;AGGGTTAAAGGAAGGCTCCATCT;GENE;HSD3B2;hg19;1;119964767;119964791;119964967;119964990
2;O;6;AMPL3662792666;TTTGGCCTCCGCCTTGAT;CTTCTTGTAAGAGAAGGTGAACACACTA;GENE;HSD3B2;hg19;1;119964947;119964965;119965092;119965120
1;O;8;AMPL3662813598;AACCGCCACACAGTCACATTA;TTCCTAACAATACCCACATGCACAT;GENE;HSD3B2;hg19;1;119965067;119965088;119965259;119965284
1;A;17;AMPL393580014;GTGACATTTAACAGGTATCCCAGTGA;CCAGACTGGCTTAATGGCAAC;GENE;CTNNB1;hg19;3;41265426;41265452;41265617;41265638
2;E;9;AMPL396195789;TCTTGGCTGTCTTTCAGATTTGACTTT;GATTCCAGAGTCCAGGTAAGACTG;GENE;CTNNB1;hg19;3;41265889;41265916;41266084;41266108
1;M;11;AMPL686600530;GCTGTTAGTCACTGGCAGCAA;ATTCTGACTTTCAGTAAGGCAATGAA;GENE;CTNNB1;hg19;3;41266064;41266085;41266259;41266285
2;C;3;AMPL393871206;GGTAAATGCTGAACTGTGGATAGTGA;GGGATGAGCAGCATCAAACTGT;GENE;CTNNB1;hg19;3;41266397;41266423;41266538;41266560
1;C;11;AMPL393928487;GGGCATGCAGATCCCATCTAC;AAAGCAGACTAAAAAGCTAGCTATGTCA;GENE;CTNNB1;hg19;3;41266518;41266539;41266706;41266734
2;A;23;AMPL393781900;GGAGTAGTTTCAGAATGTCTACCCAAT;GCATGGTACGTACAATAGCAGACAC;GENE;CTNNB1;hg19;3;41266752;41266779;41266911;41266936
1;C;7;AMPL393811409;GCTATCATGCGTTCTCCTCAGATG;TTTTAGCTTCAAGCATTCTGACATGTTTT;GENE;CTNNB1;hg19;3;41266888;41266912;41267068;41267097
2;E;7;AMPL396157755;GGCTTACTGGCCATCTTTAAGTCT;TGCCATTTTAGCTCCTTCTTGATGTAAT;GENE;CTNNB1;hg19;3;41267008;41267032;41267204;41267232
1;C;5;AMPL393798925;GCCATTACAACTCTCCACAACCTTTT;CAATGCTCCATGAAAACCACATAAAGA;GENE;CTNNB1;hg19;3;41267179;41267205;41267365;41267392
2;G;16;AMPL2601487334;GCAAGCTGGCTGAAATTCTTGT;ACAGATAGCACCTTCAGCACTC;GENE;CTNNB1;hg19;3;41268590;41268612;41268786;41268808
1;G;12;AMPL2601494879;AAAACTACTGTGGACCACAAGCA;CTGCAGATGCTATACACAAGACTCA;GENE;CTNNB1;hg19;3;41268764;41268787;41268863;41268888
2;C;7;AMPL393908314;AGGATTGATAGGCACTTCTAGCTAATGA;GTACAAGCACATACTCATCTTGACTCT;GENE;CTNNB1;hg19;3;41274773;41274801;41274967;41274994
1;C;9;AMPL393858321;GGTGCCATGGGAATAGAGTCA;ACAAGAGCCTCTATACCACCCA;GENE;CTNNB1;hg19;3;41274954;41274975;41275155;41275177
2;C;11;AMPL393926963;AGAACAAGATGATGGTCTGCCAAG;CTTAACCACAACTGGTAGTCCATAGTG;GENE;CTNNB1;hg19;3;41275132;41275156;41275295;41275322
1;G;14;AMPL2601504686;CCCAGAATGCAGTTCGCCTT;CAGCTAGAGATGCTTCATTTTCAATTC;GENE;CTNNB1;hg19;3;41275276;41275296;41275392;41275419
2;E;5;AMPL395443475;GGGTAAGATTCTGAAATGTTTGTGTAGT;AGGGCAAGATTTCGAATCAATCCAA;GENE;CTNNB1;hg19;3;41275497;41275525;41275636;41275661
1;C;13;AMPL393939548;TCTTCCTTCTGTTTTTCAGGCTACTG;CATTCCTTTTAGATAGCCAGGTATCACT;GENE;CTNNB1;hg19;3;41275611;41275637;41275804;41275832
2;A;15;AMPL393590457;CTTTACAGAGGAGAATGCCCTGTT;CCTGCACAAACAATGGAATGGTATTTA;GENE;CTNNB1;hg19;3;41277167;41277191;41277308;41277335
1;I;15;AMPL418552033;TCACAACCGAATTGTTATCAGAGGAC;TCCCTCTTCTCAAGTCTCAATGTTTC;GENE;CTNNB1;hg19;3;41277283;41277309;41277481;41277507
2;G;21;AMPL424554115;GAAATCCAGTGCTCCAGAGCATTA;ACTCTTTGGATGTTTTCAATGGGAGAAT;GENE;CTNNB1;hg19;3;41277666;41277690;41277846;41277874
1;A;11;AMPL393492914;GTTTGTGTTTTCTCCTTAGCTGCTTT;ATCTGCTAAAGGCTTTGGTTCCTT;GENE;CTNNB1;hg19;3;41277821;41277847;41277999;41278023
2;C;5;AMPL393900371;TGAAGTCTCAGTTTTTCCTCAAGGG;ATACCTGCTCTAGGAAACTACCAGAT;GENE;CTNNB1;hg19;3;41278032;41278057;41278224;41278250
1;C;3;AMPL393788809;ATTTTGCTTTCTATTCTTCCTTGCTTTGT;CAAACCGGCTCTTCTGATAAAAGTT;GENE;CTNNB1;hg19;3;41279464;41279493;41279617;41279642
2;A;13;AMPL393584967;GCCCTAACCTCAGTGTTAACGTC;GATCTGGCAGCCCATCAACT;GENE;CTNNB1;hg19;3;41280532;41280555;41280733;41280753
1;A;19;AMPL393637671;CACCCTGGTGCTGACTATCC;TCTTTCTGAAGTTCTGTAGGCAGAGTA;GENE;CTNNB1;hg19;3;41280714;41280734;41280884;41280911
1;A;15;AMPL393540352;GATGCTGTTCCCAGGTACTGTT;CCCGAGAACTGAGGGTGGTA;GENE;APC;hg19;5;112043333;112043355;112043463;112043483
2;A;11;AMPL393547046;CCCCTTTGCCCGCTTCT;CGTCAATGCCTGCAGCCT;GENE;APC;hg19;5;112043446;112043463;112043586;112043604
1;C;23;AMPL394025559;CCTTTCTTTAAAAACAAGCAGCCACTA;CAGTGCCTCAACTTGCTTTAACAA;GENE;APC;hg19;5;112090500;112090527;112090611;112090635
2;C;19;AMPL394029673;TGGCTGCAGCTTCATATGATCAG;CCTCAAGTTTACAAGAGGGAATACTGAA;GENE;APC;hg19;5;112090589;112090612;112090764;112090792
1;M;15;AMPL708055068;CGTGCTTTGAGAGTGATCTGAATTT;ACCTTTTTAAAATCTACCTTTAAGACGCTCT;GENE;APC;hg19;5;112101906;112101931;112102093;112102124
2;C;1;AMPL393799322;TGGCTTCTTCTGGACAGATTGATTTATT;GAGAAGCTGTACTTGGATCTACACAC;GENE;APC;hg19;5;112102066;112102094;112102164;112102190
1;A;13;AMPL393522310;ATTTTAGACTGCTTAAAGCAATTGTTGTATAA;CTTCCATAAGAACGGAGGGACAT;GENE;APC;hg19;5;112102831;112102863;112102935;112102958
2;A;9;AMPL393526133;CTGGAGTAAAACTGCGGTCAAAA;AACTGGAGTACACAAGGCAATGTTTA;GENE;APC;hg19;5;112102913;112102936;112103106;112103132
1;E;17;AMPL396044271;AGCACTTTAGGTAGAGAAGTTTGCAAT;AGCGTAATACCAGTCTTTTTCCTTTTCT;GENE;APC;hg19;5;112111218;112111245;112111355;112111383
2;E;4;AMPL1077060375;ATTGCTTCTTGCTGATCTTGACAAAG;TTAAAGTTTCAAATAAGTTGTACTGCCAAGT;GENE;APC;hg19;5;112111329;112111355;112111441;112111472
1;E;19;AMPL396279579;CTCATGCACCATGACTGACGTA;CTCTGATTTGCCTTGCTTCATATTCC;GENE;APC;hg19;5;112116363;112116385;112116521;112116547
2;E;11;AMPL396316032;ACAAACAGATATGACCAGAAGGCAATT;GCCAAAATAAACACAGCCTTATGTCTT;GENE;APC;hg19;5;112116495;112116522;112116691;112116718
1;B;5;AMPL3684296347;TGAGAATGATTTGACATAACCCTGAG;CTTGGGACTGTAAAAGCTGTCGTATA;GENE;APC;hg19;5;112128032;112128058;112128186;112128212
2;C;24;AMPL1073015532;CAGAATTCAGCAAATCGAAAAGGACATA;CAGAATAACTACCTATTTTTATACCCACAAACA;GENE;APC;hg19;5;112128154;112128182;112128245;112128278
1;M;17;AMPL708240616;TTTGCATGTACTGATGTTAACTCCATCT;TTCTTAGAACCATCTTGCTTCATACTTT;GENE;APC;hg19;5;112136942;112136970;112137128;112137156
2;K;15;AMPL674250640;AGACACTTCATTTGGAGTACCTTAAC;ATGGCATTAGTGACCAGGGTTT;GENE;APC;hg19;5;112151103;112151129;112151305;112151327
1;E;15;AMPL395920440;ATCACTTAATTGGTTTTTGGCTTTTGGA;GCTGGATGAGGAGAGGAAGACA;GENE;APC;hg19;5;112154592;112154620;112154782;112154804
2;G;12;AMPL2500220999;TGTATATCCATGCGACAGTCTGGA;TTGTCATCAGGCTGTGAGTGAAT;GENE;APC;hg19;5;112154759;112154783;112154899;112154922
1;G;8;AMPL2500235643;GTGCAGCACTCCACAACATC;TCACATTTGCTTTGAAACATGCACTAC;GENE;APC;hg19;5;112154880;112154900;112155064;112155091
2;K;5;AMPL623962662;AGGGTTATATTAGTGATCCCTGCAT;GAAAGTTTCATTAGAACACACACAGCAG;GENE;APC;hg19;5;112157493;112157518;112157622;112157650
1;E;13;AMPL395602023;GCTCCTGTTGAACATCAGATCTGTC;GTTGGTGGCCTTATATCCTAATTCATCA;GENE;APC;hg19;5;112157598;112157623;112157784;112157812
2;O;22;AMPL3684330699;CCAACTTGGTACCAGTTTGTTTTATTT;CCATTCCAGCATATCGTCTTAGTGTAAT;GENE;APC;hg19;5;112162739;112162766;112162878;112162906
1;E;12;AMPL1076664229;TGGGCTTACTAATGACCACTACAGT;TCATACCTGAGCTATCTTAAGAAATACATGTTA;GENE;APC;hg19;5;112162854;112162879;112162955;112162988
2;A;7;AMPL393460395;GGCTTCAAGTTGTCTTTTTAATGATCCT;GTACCTGCTGTAAGTCTTCACTTTCA;GENE;APC;hg19;5;112163576;112163604;112163681;112163707
1;G;4;AMPL1986084112;AGATTTCTATTCTTACTGCTAGCATTAAAAACA;CGCCAAGACAAATTCCTCAAAACAC;GENE;APC;hg19;5;112164463;112164496;112164562;112164587
2;M;2;AMPL3658942647;AGGTTATTGCGAGTGTTTTGAGGAA;AAATCTCATGGCTAAAAGAAGGCA;GENE;APC;hg19;5;112164551;112164576;112164726;112164750
1;E;7;AMPL394083357;CAGTGAGGGACGGGCAATAG;ATTCCATAAGGCACTCAATACGCTT;GENE;APC;hg19;5;112170526;112170546;112170661;112170686
2;M;4;AMPL3658946503;CTGTTTCTTACTAGGAATCAACCCTCAA;CTATCAAGCTGGACACATTCCGTA;GENE;APC;hg19;5;112170634;112170662;112170819;112170843
1;M;6;AMPL3658977123;CCATTATTGAAAGTGGAGGTGGGATAT;AGGTCTTTTTGAGAGTATGAATTCTGTAC;GENE;APC;hg19;5;112170793;112170820;112170892;112170921
2;C;9;AMPL393924882;CTGCATACACATTGTGACCTTAATTTTGT;TGAGGTTCTTGAGCATGCTAACTG;GENE;APC;hg19;5;112173200;112173229;112173398;112173422
1;C;19;AMPL393982786;AGGAAGCATTATGGGACATGGG;TCTAATTCTGCTTCTAGGGCTTTTTGTT;GENE;APC;hg19;5;112173375;112173397;112173557;112173585
2;C;21;AMPL394058174;GCTTGCCATCTCTTCATGTTAGGA;GTCATGTTGCCAGTATTAAAATTGTCTGA;GENE;APC;hg19;5;112173534;112173558;112173721;112173750
1;C;17;AMPL393940080;TGACACCAATCGACATGATGATAATAGG;TGGATTTTCTGTTGCTGGATGGT;GENE;APC;hg19;5;112173694;112173722;112173878;112173901
2;C;17;AMPL394010986;GCGGAATTGGTCTAGGCAACT;AGAGCTTCTTCTAAGTGCATTTCTCTC;GENE;APC;hg19;5;112173858;112173879;112174042;112174069
1;E;5;AMPL394069549;ACCACTGAATTACATTGTGTGACAGAT;AATCGAGGGTTTCATTTGACCTCTT;GENE;APC;hg19;5;112174016;112174043;112174215;112174240
2;G;4;AMPL1896248181;AGTGTCAGTAGTAGTGATGGTTATGGT;TGTATTTTATGGGCTAGGTCGGC;GENE;APC;hg19;5;112174187;112174214;112174294;112174317
1;C;15;AMPL393939939;AGTTTTGCAGTTATGGTCAATACCCA;CTTGCCCATCTTTCATTCTGTGAAG;GENE;APC;hg19;5;112174269;112174295;112174418;112174443
2;M;6;AMPL3659014914;AGTTGAACTCTGGAAGGCAAAGTC;GAGAAACACATTCCTGCTGTCC;GENE;APC;hg19;5;112174395;112174419;112174570;112174592
1;M;8;AMPL3659060766;CACCTCAAGTTCCAACCACATTTT;GTTGGTCTCTCTTCTTCTTCATGCT;GENE;APC;hg19;5;112174547;112174571;112174745;112174770
2;G;8;AMPL2021570496;ATAGTGAACGTTACTCTGAAGAAGAAC;CTGCTTGAAGACATATGTTCGGTTTTAC;GENE;APC;hg19;5;112174719;112174746;112174907;112174935
1;M;18;AMPL3659131464;TCAAAGAGTTCATCTGGACAAAGCA;ACCACTTCTACTCTGTGCAGAAC;GENE;APC;hg19;5;112174883;112174908;112174991;112175014
2;M;12;AMPL3659144068;GGCAGAATCAGCTCCATCCAA;CTGTGTCGTCTGATTACATCCTATTTCA;GENE;APC;hg19;5;112174971;112174992;112175145;112175173
1;E;24;AMPL1697126918;TCATTATCATCTTTGTCATCAGCTGAA;CTGCTGGATTTGGTTCTAGGGT;GENE;APC;hg19;5;112175117;112175144;112175276;112175298
2;G;6;AMPL1998979265;GAAGTTCCAGCAGTGTCACAG;AAAACTATCAAGTGAACTGACAGAAGT;GENE;APC;hg19;5;112175255;112175276;112175452;112175479
1;M;12;AMPL3659117598;CCCCACTCATGTTTAGCAGATGT;CTTGGTTTGAGCTGTTTGAGGAG;GENE;APC;hg19;5;112175430;112175453;112175615;112175638
2;M;14;AMPL3659187693;CAGAAGTAAAACACCTCCACCAC;AGCACTCAGGCTGGATGAAC;GENE;APC;hg19;5;112175593;112175616;112175795;112175815
1;M;22;AMPL3659234509;CGGAAAGTACTCCAGATGGATTTTCTT;GCCTCTTTCTCTTGGTTTTCATTTGATT;GENE;APC;hg19;5;112175769;112175796;112175921;112175949
2;C;23;AMPL394065728;TGAAACAGAATCAGAGCAGCCTAAAG;CTTGCCACAGGTGGAGGTAAT;GENE;APC;hg19;5;112175896;112175922;112176090;112176111
1;E;9;AMPL394104630;CCAGCCCAGACTGCTTCAAA;AAAGTTTATAGGTGTCCCTTCAACACAA;GENE;APC;hg19;5;112176071;112176091;112176216;112176244
2;C;15;AMPL393968951;GGATGATATGCCACGGGTGTA;TTTTTCCTCCTTGAGCCTCATCTG;GENE;APC;hg19;5;112176196;112176217;112176380;112176404
1;E;3;AMPL394053752;ACCATTCCTACAGAAGGCAGAAGTA;CACGGAAAGGCTTGTGACTTTTC;GENE;APC;hg19;5;112176356;112176381;112176495;112176518
2;K;21;AMPL707927515;GCATTAATTCTGCTATGCCCAAAGG;CACGTGTCCTATATTCAGTATTTTGTGG;GENE;APC;hg19;5;112176471;112176496;112176628;112176656
1;M;14;AMPL3659125987;AAGAAACCAACTTCACCAGTAAAACCTA;ATGAGGTGAATCAAAAGCAAAACTTCC;GENE;APC;hg19;5;112176599;112176627;112176796;112176823
2;C;13;AMPL393963473;AGCTCCCAAATAATGAAGATAGAGTCAGA;TTTGCCTTTCTTAATTCAGCCTTTTCC;GENE;APC;hg19;5;112176768;112176797;112176918;112176945
1;M;20;AMPL3659172513;TTGATGATGATGATGTTGACCTTTCCA;TGCAATAGCTTGTGTCTTATTAGCTGA;GENE;APC;hg19;5;112176891;112176918;112177006;112177033
2;M;16;AMPL3659190238;ACAGAACTAACCTCCAACCAACAA;CCTCTGTCTGGTATGTCTTTGGATG;GENE;APC;hg19;5;112176983;112177007;112177097;112177122
1;E;16;AMPL1381214529;AGAAACAATCCACTTTTCCCCAGT;GGTTTACTTGGTTCTCCCTGTGA;GENE;APC;hg19;5;112177074;112177098;112177273;112177296
2;M;8;AMPL3659044864;AGAGACTGAGCCCCCTGAC;TGGCATTGCGGAGCTTATACA;GENE;APC;hg19;5;112177255;112177274;112177414;112177435
1;M;10;AMPL3659075384;CTGAAGATGACCTGTTGCAGGAA;ACCATGTTCTGAATCTGGTCTCTGTATA;GENE;APC;hg19;5;112177392;112177415;112177536;112177564
2;M;10;AMPL3659109477;GGTGAAGATCTGACACTTGATTTGAAAGA;GCAGCAGCAGCTTGATGTAAACTA;GENE;APC;hg19;5;112177508;112177537;112177629;112177653
1;M;16;AMPL3659128454;TCAGGAAGGTGCAAATTCCATAGTAAG;CCAATGTACTTTTCTCCCCTGGTTTT;GENE;APC;hg19;5;112177603;112177630;112177794;112177820
2;C;22;AMPL1038874783;ACAAGTAATAAAGGCCCACGAATTCT;GGAATATGAATCATTGTCCTGCCT;GENE;APC;hg19;5;112177769;112177795;112177968;112177992
1;C;21;AMPL394005696;CAAGCAAACATGCCTTCAATCTCTC;GCCTGGCAACAGGGCTTAAT;GENE;APC;hg19;5;112177943;112177968;112178133;112178153
2;K;7;AMPL624225164;GCCAAGCCATCTGTGAAATCAGA;TGGAAGTTGAGATAATTTGTTAGGAGGA;GENE;APC;hg19;5;112178111;112178134;112178301;112178329
1;A;21;AMPL393649354;CGAAACTCAATTTCCCCTGGTAGAA;GGCAGACTCACTTCTTGGAATACTAC;GENE;APC;hg19;5;112178267;112178292;112178456;112178482
2;A;19;AMPL393679937;CAAACAGGTTTATCCAAGAATGCCA;GCTTGGAGCTTCTTTGATGAAAGT;GENE;APC;hg19;5;112178432;112178457;112178614;112178638
1;C;1;AMPL393703614;AGACCTGTATTAGTACGCCAGTCA;GACGAATGTGTGGATAGAGACATATCAG;GENE;APC;hg19;5;112178591;112178615;112178756;112178784
2;A;17;AMPL393635118;AACTCCAGTTTTAAGTCCTTCCCTTC;GAATGTTTGCTGTGCTCACGTT;GENE;APC;hg19;5;112178731;112178757;112178933;112178955
1;A;23;AMPL393700123;CAATCAATAGGTCAGGAACCTGGA;GCGGATACTTGGTTTTCTTTACTTTGTT;GENE;APC;hg19;5;112178910;112178934;112179086;112179114
2;A;21;AMPL393735676;AAACATGTGAACTCTATTTCAGGAACCA;AATTCTCACCCAAACATCCTCTGTT;GENE;APC;hg19;5;112179059;112179087;112179249;112179274
1;E;1;AMPL394036510;TCAAATGGCACCTGCTGTTTCTAA;ACGGTACGCATGGGAACAC;GENE;APC;hg19;5;112179226;112179250;112179419;112179438
2;E;1;AMPL394077052;GCAAAACAAAATGTGGGTAATGGCA;TGTGTTTGCTTGAGCTGCTAGA;GENE;APC;hg19;5;112179395;112179420;112179580;112179602
1;E;11;AMPL394138546;GTGGAACGTACCCCATTCAGT;ACTTTGGGTTCCACTGGATTCTG;GENE;APC;hg19;5;112179560;112179581;112179758;112179781
2;I;15;AMPL567681686;CGAGATTCCAAAACTGACAGCA;AAAAACCCTCTAACAAGAATCAAACCTA;GENE;APC;hg19;5;112179737;112179759;112179925;112179953
1;K;13;AMPL569771076;GGTGGGAAGGCACCTGA;GGAGCTTCCACCAGTTCCA;GENE;CYP21A2;hg19;6;31973346;31973363;31973522;31973541
2;M;20;AMPL3662263761;GGCGTCTTGCCATGCTG;TGAGTCAGGCCAAGCAGATAGAT;GENE;CYP21A2;hg19;6;31973455;31973472;31973603;31973626
1;O;14;AMPL3677121820;CACCTCCTGCCTCTTGCC;CCTCCGCCCCCTCCTAT;GENE;CYP21A2;hg19;6;31973550;31973568;31973698;31973715
2;O;3;AMPL868037386;GCTGAACTCCAAGAGGACCAT;CGAAGGTGGCTCCCACTT;GENE;CYP21A2;hg19;6;31973775;31973796;31973978;31973996
1;O;19;AMPL868226127;CCCCAATCCTCCAGGTCACT;GCTTCTTGTGGGCTTTCCAGA;GENE;CYP21A2;hg19;6;31974004;31974024;31974188;31974209
2;K;3;AMPL570682566;GGACCTGTCGTTGGTCTCT;GGAGAAACAGTGTGAGTTCAGCA;GENE;CYP21A2;hg19;6;31974168;31974187;31974369;31974392
1;O;10;AMPL3662870798;GGCCTGCTGAACTCACACT;GCCAGGAAAGGATGGAGTACTTT;GENE;CYP21A2;hg19;6;31974366;31974385;31974561;31974584
2;I;17;AMPL569741665;CTTGTCCTGAACTGAAAGTACTCCA;CCCAGCCTCTCCCCTACAA;GENE;CYP21A2;hg19;6;31974548;31974573;31974718;31974737
1;K;21;AMPL570562416;GAGGACCTGGAGCCTAGACA;GGCCGTCCACACACAGTC;GENE;CYP21A2;hg19;6;31974691;31974711;31974881;31974899
2;I;23;AMPL569800689;ATTGCTATGAGGCGGGTTCTTT;GCAAGTGCCCTTCCAGGAG;GENE;CYP21A2;hg19;6;31974939;31974961;31975135;31975154
1;K;15;AMPL569809993;GACATGATGGACTACATGCTCCAA;CTTTTGCTTGTCCGCAGGA;GENE;CYP21A2;hg19;6;31975073;31975097;31975252;31975271
2;E;12;AMPL1406102152;GACAAGCAAAAGGCTCCTTCC;GTTCGTGGTCTAGCTCCTCCTA;GENE;CYP21A2;hg19;6;31975260;31975281;31975462;31975484
1;M;1;AMPL570836129;CCAGATTCAGCAGCGACTGT;CTTTCCTCACTCATCCCCAACC;GENE;CYP21A2;hg19;6;31975444;31975464;31975638;31975660
2;O;8;AMPL3662802661;CGCGCCTGGAGCTCTTC;CCTGCCCCATCACTGGT;GENE;CYP21A2;hg19;6;31975992;31976009;31976168;31976185
1;G;16;AMPL2738763272;GGCCAGAACCAGTGATGGG;CCTTCTCTGCCAGCGATCT;GENE;CYP21A2;hg19;6;31976162;31976181;31976269;31976288
2;K;1;AMPL569874802;CGGTGGGAGGGTACCTGAA;CTCCGGAGCTTCCACCA;GENE;CYP21A2;hg19;6;32006079;32006098;32006262;32006279
1;O;17;AMPL868122714;GGTGGTGCTGAACTCCAAGA;AAGGTGGCTCACACTTGAGG;GENE;CYP21A2;hg19;6;32006503;32006523;32006705;32006725
2;M;1;AMPL712390951;CCAATCCAGGTCCCTGGAA;GAGCGGGTGAGCTTCTTGT;GENE;CYP21A2;hg19;6;32006736;32006755;32006936;32006955
1;M;3;AMPL570979062;AGACTACTCCCTGCTCTGGAAA;TGTGGAGAAACAGTGTGAGTTCAG;GENE;CYP21A2;hg19;6;32006911;32006933;32007107;32007131
2;I;21;AMPL569747500;GCGGCCTGCTGAACTCA;GGAGGGAGTACTTTCAGTTCAGGA;GENE;CYP21A2;hg19;6;32007100;32007117;32007287;32007311
1;I;8;AMPL3027213778;ATCTGTTACCTCACCTTCGGAGA;GGTTTTTAACACCTCCTGGATACATTTG;GENE;CYP21A2;hg19;6;32007202;32007225;32007348;32007376
2;M;24;AMPL3662402949;ACGACAACTTAATGCCTGCCTATTA;GGTGTCTAGGCTCCAGGTC;GENE;CYP21A2;hg19;6;32007324;32007349;32007429;32007448
1;M;24;AMPL3662401101;GGTGAGGACCTGGAGCCTA;TGCTGCCTCAGCTGCAT;GENE;CYP21A2;hg19;6;32007424;32007443;32007591;32007608
2;K;23;AMPL712345678;GGCCATAGAGAAGAGGGATCACAT;CGCCTCATAGCAATGCTGAG;GENE;CYP21A2;hg19;6;32007561;32007585;32007668;32007688
1;K;9;AMPL569737614;ATTGCTATGAGGCGGGTTCTT;TGCACGTGCCCTTCCAG;GENE;CYP21A2;hg19;6;32007675;32007696;32007874;32007891
2;I;19;AMPL569743668;TGGAGGGACATGATGGACTACAT;CTTGTCCCCAGGACGCA;GENE;CYP21A2;hg19;6;32007803;32007826;32007983;32008000
1;K;11;AMPL569743823;GTGCACATGGCTGCAGT;GGAAGGAGCCTTTTGCTTGTC;GENE;CYP21A2;hg19;6;32007887;32007904;32007994;32008015
2;O;5;AMPL868179279;AAAAGGCTCCTTCCCAGCAA;TCGTGGTCTAGCTCCTCCTG;GENE;CYP21A2;hg19;6;32008002;32008022;32008197;32008217
1;K;23;AMPL570761387;CGACTGCAGGAGGAGCTA;CCTCACTCATCCCCAACCCT;GENE;CYP21A2;hg19;6;32008192;32008210;32008371;32008391
2;M;22;AMPL3662395556;GTCCTGGCCAGCCTCTAAC;CAGCCTCCACCACATTTTCAC;GENE;CYP21A2;hg19;6;32008411;32008430;32008573;32008594
1;K;17;AMPL570347419;GGGCCTGCCGTGAAAAT;AGTCGGGTCAGCACCAC;GENE;CYP21A2;hg19;6;32008565;32008582;32008743;32008760
2;M;18;AMPL3662262933;CGCGCCTGGAGCTCTTC;CTGCCCCATCACTGGCT;GENE;CYP21A2;hg19;6;32008727;32008744;32008902;32008919
1;K;19;AMPL570348839;GGGCCAGAGCCAGTGATG;CCTTCTCTGCCAGCGATCT;GENE;CYP21A2;hg19;6;32008896;32008914;32009004;32009023
2;I;5;AMPL561998976;TCCCTTCCTCAGTCATCTGCTT;ACCCATTTTATCCTCTAAATCCTCCTGT;GENE;DAXX;hg19;6;33286439;33286461;33286635;33286663
1;K;1;AMPL561955670;CAGGATGTGGCACGTGGAATA;AGTTGCTGATTCCTCCACGAG;GENE;DAXX;hg19;6;33286680;33286701;33286882;33286903
2;O;12;AMPL3679436156;CATGGCTGGGAGAGTCCAC;TCCCGTACCCCTCCACATATTTAT;GENE;DAXX;hg19;6;33286863;33286882;33287010;33287034
1;K;7;AMPL562336638;TCTCTCCCAGCAGACTCAGTT;CAGGCATGGTCTCTTCTACTTCC;GENE;DAXX;hg19;6;33287063;33287084;33287260;33287283
2;O;18;AMPL3679513190;GGAGAGACGCCTCCATTGAA;GCTGACCCTGGAGGAAGAAAG;GENE;DAXX;hg19;6;33287241;33287261;33287414;33287435
1;B;1;AMPL3679558698;CTAGCTCAAAGAGCTGAGACACA;GCCCCATGTCCTCACTACAGAT;GENE;DAXX;hg19;6;33287389;33287412;33287591;33287613
2;I;13;AMPL562160433;AGGTTCCAGGTTCTTTTCATTGGAG;TCCTAGTGTCCTCTCAGCAGTATTTT;GENE;DAXX;hg19;6;33287567;33287592;33287678;33287704
1;O;22;AMPL3679416865;CCTAACAAAACAGAAATGACAGGTGA;CCTCCAGAGCTGAGACAGATG;GENE;DAXX;hg19;6;33287740;33287766;33287943;33287964
2;O;16;AMPL3679484379;TCACTCTCCTCATCGTCTTCGT;AGCAAGAACCAAACCCTCTGG;GENE;DAXX;hg19;6;33287922;33287944;33288039;33288060
1;O;20;AMPL3679376510;GGGAAGGACAATGTCTCTCTGAA;GCTGGATGAGGTCATCTCCAAATA;GENE;DAXX;hg19;6;33288115;33288138;33288271;33288295
2;O;14;AMPL3679455670;CTCCTCACTTTTGTCTTGCAACATT;GTGCTCTGACTTTATGTCTTCCCA;GENE;DAXX;hg19;6;33288244;33288269;33288373;33288397
1;K;3;AMPL561958042;CATCCGCCTCATACCTGACATA;GGATGCCTTCCGAGATGTGG;GENE;DAXX;hg19;6;33288455;33288477;33288590;33288610
2;I;9;AMPL562012068;CGTCGCTCCTGTAACCTGATG;ACCCGCTACCCAGAGGTTAA;GENE;DAXX;hg19;6;33288569;33288590;33288748;33288768
1;O;24;AMPL3679510308;CTTGTTGATGAGCCGCTCAATG;GCAGGAAAAGGAGTTGGATCTCT;GENE;DAXX;hg19;6;33288721;33288743;33288914;33288937
2;I;11;AMPL562087991;GGAGTCTGGGTCATCCAATTCTG;TCTCCTTGGACCCCACAAATG;GENE;DAXX;hg19;6;33288892;33288915;33289040;33289061
1;B;3;AMPL3679568356;AGACTGAGAGGCAGTGTTTTCAG;CAGCCAAGCTCTATGTCTACATCA;GENE;DAXX;hg19;6;33289018;33289041;33289169;33289193
2;O;20;AMPL3679582538;CTTGAGAACAGTGCAGAGCTCAT;CCCTGAACCTTCTAGTTCCTTGAA;GENE;DAXX;hg19;6;33289147;33289170;33289335;33289359
1;E;18;AMPL1395737427;GTCTGCTGTCTGCATCTTACAAAG;GCTGTTCGAAGAGGTGAGCTTTAG;GENE;DAXX;hg19;6;33289312;33289336;33289484;33289508
2;I;7;AMPL562006389;GGTACAACAATCTTCCCCGCTAA;ACAGCATCATCGTGCTGGAT;GENE;DAXX;hg19;6;33289466;33289489;33289669;33289689
1;K;5;AMPL562070793;AGCTGCTTCATCTTCGTCATCATC;AAGGAGTTCAGAAAATGTGTGAGGT;GENE;DAXX;hg19;6;33289646;33289670;33289808;33289833
2;O;10;AMPL3679400237;CCAGCTCTCCCCAATACCTCT;AAGGCGGAAACTCTGTGACTT;GENE;DAXX;hg19;6;33290567;33290588;33290743;33290764
1;D;7;AMPL3865810105;ACGCTGGTGCAGGGAAA;CGCCTTGGCCACCTTCAT;GENE;BAI1;hg19;8;143545692;143545709;143545808;143545826
2;D;3;AMPL3865818167;GCGGCGCTACACTCTCTAC;AGCACCTCGTCGAAGCTC;GENE;BAI1;hg19;8;143545790;143545809;143545912;143545930
1;D;17;AMPL3865821686;ACCTACCTGGGCGTGGA;TTCCCCACCACCAGGTACT;GENE;BAI1;hg19;8;143545896;143545913;143546073;143546092
2;D;5;AMPL3865822257;CCCCACCGACGACTTCTC;GCATCTCTCAAGCAGACATCCC;GENE;BAI1;hg19;8;143546051;143546069;143546253;143546275
1;F;1;AMPL3865825855;GGTAGTCGCAGCTCGCA;CCCCTGTCCGAAGGTTTCC;GENE;BAI1;hg19;8;143546154;143546171;143546358;143546377
2;M;11;AMPL800135949;GCTTAGCACCCCCATGACT;CACTGGCGACCCTCCTC;GENE;BAI1;hg19;8;143556755;143556774;143556959;143556976
1;D;3;AMPL3865808206;CGCTCCTGTGCTGACCTAAG;CTACCCATAACTAGCTGCAATTGATAA;GENE;BAI1;hg19;8;143557914;143557934;143558111;143558138
2;B;15;AMPL3865806949;CAGGCCTGTGACGCTGTA;CAAGGTCCCACCCACCTG;GENE;BAI1;hg19;8;143558444;143558462;143558636;143558654
1;M;21;AMPL798903651;AGCGGCTGTGCAACAAC;GTGCGATCCCGAAAGCC;GENE;BAI1;hg19;8;143558607;143558624;143558804;143558821
2;D;7;AMPL3865826944;CTCTGCTCCAGCACCTGT;CCTACGCCCTCCCTCTCA;GENE;BAI1;hg19;8;143558781;143558799;143558915;143558933
1;D;23;AMPL3865825117;GTGTTCACGCCCACTTTGT;GGAAGCAGTCTCGGGTCTC;GENE;BAI1;hg19;8;143559511;143559530;143559687;143559706
2;D;11;AMPL3865831052;AATGCAACGGGCCTTCCTA;TCCTAGAGGCTCCTGCTTGTT;GENE;BAI1;hg19;8;143559638;143559657;143559757;143559778
1;M;23;AMPL798987461;CTTTGTGTCCTCCTGTCACTGT;CACTGCCGGTACTCATCCT;GENE;BAI1;hg19;8;143560604;143560626;143560809;143560828
2;M;7;AMPL798990883;CTGCTCTGGGCCCTTCTTC;GCCTGGAGCAGGCATCATTA;GENE;BAI1;hg19;8;143560766;143560785;143560959;143560979
1;D;5;AMPL3865808383;GCTGCCGGCTCTCAGTA;ACCTCAGCGTGGGCATC;GENE;BAI1;hg19;8;143561001;143561018;143561208;143561225
2;B;23;AMPL3865810359;GCGGGCATCCACCTGAG;CAGGGTCCCAACCTGTGT;GENE;BAI1;hg19;8;143562579;143562596;143562771;143562789
1;O;13;AMPL804498886;CTGGACATGTTCCACAGAGGT;GCTCTCCGGAAAATCTCTGTCAT;GENE;BAI1;hg19;8;143562827;143562848;143563018;143563041
2;O;1;AMPL804512802;CACCATCGATGTCCTGAGGAAC;GTGACAAAGGTCAGAGTTCAACCTA;GENE;BAI1;hg19;8;143562997;143563019;143563189;143563214
1;F;3;AMPL3865827959;GACCCTGGTCACACACTGAAT;GCACCCCTCCTGAGGCT;GENE;BAI1;hg19;8;143565242;143565263;143565433;143565450
2;M;15;AMPL800374648;GGAGGACTTTGTGGACGTCAT;CAGGACCCATCTGAGAAATCGG;GENE;BAI1;hg19;8;143566052;143566073;143566251;143566273
1;F;9;AMPL3865904270;TGACTTTCCCTCCTCTCTGTCT;ATGAAGGTCCCCCTCCACT;GENE;BAI1;hg19;8;143569678;143569700;143569883;143569902
2;B;19;AMPL3865807813;TTGAAGATGGGCGGCAGAT;CAAACACGGATGCTTCATCGG;GENE;BAI1;hg19;8;143570287;143570306;143570398;143570419
1;O;7;AMPL802990935;GGGTTGACAGTGCACTTTCTT;CCATCATCCACACTCCTCCAG;GENE;BAI1;hg19;8;143570371;143570392;143570564;143570585
2;M;17;AMPL803149002;GAGTGTGGATGATGGGCTGT;ACAGTCACGGAGATCACCTTAGA;GENE;BAI1;hg19;8;143570571;143570591;143570715;143570738
1;O;9;AMPL803155347;GGAACACGACCGTCCTGAAT;TTTCTGCTGGCATCAGAGTGT;GENE;BAI1;hg19;8;143570696;143570716;143570818;143570839
2;D;21;AMPL3865922364;AGGTGGGTCCCATGGTGA;CAAGTGGACAAGACCTGAAACCT;GENE;BAI1;hg19;8;143572054;143572072;143572254;143572277
1;O;3;AMPL799792667;GCTCCGCCTGTCTCCCT;GCGCTGAGCTGGGCTAA;GENE;BAI1;hg19;8;143592254;143592271;143592410;143592427
2;D;19;AMPL3865915576;CCTCACTCCCTGCGGTCT;CAAGGGAAGAGGCGTGTGAT;GENE;BAI1;hg19;8;143599464;143599482;143599647;143599667
1;D;9;AMPL3865810454;ACAGCCCCTGTGCAGATG;ACCACCCGAGGATGTTGG;GENE;BAI1;hg19;8;143602122;143602140;143602317;143602335
2;M;21;AMPL804398027;ACCTGGTTGGGTCCCAGT;CCCGTCACCGCCATGTAG;GENE;BAI1;hg19;8;143603202;143603220;143603408;143603426
1;D;13;AMPL3865811051;CTTCTTCTTCCTGTCCTCCTTCTG;GGGTATCTGTCCAGGAGGGT;GENE;BAI1;hg19;8;143603358;143603382;143603495;143603515
2;B;17;AMPL3865807535;CCTTCACGGCAGGGCTA;AGGGCGGTGGAAGTCTCT;GENE;BAI1;hg19;8;143603920;143603937;143604117;143604135
1;O;11;AMPL804473858;CGGTGCTGATGGCCTGT;CCATGAGGGCCATCCTGAAG;GENE;BAI1;hg19;8;143605571;143605588;143605770;143605790
2;M;9;AMPL799107746;GGTCACCTGACATCCCATCAG;CGAGCTTGTTGAACACCAGGAT;GENE;BAI1;hg19;8;143607731;143607752;143607920;143607942
1;O;1;AMPL799122082;CAGGTGAACATGGTCATTGGG;CTGGACCTGCAGTCTCAGATT;GENE;BAI1;hg19;8;143607900;143607921;143608078;143608099
2;B;21;AMPL3865807845;GCGCTGACACCCTCCATC;AGACAGCGAAGAGGATCTGGAA;GENE;BAI1;hg19;8;143614633;143614651;143614749;143614771
1;D;11;AMPL3865810997;CTGGATGTCGGCTGTGCT;TGCCTCACCCACCTCTCT;GENE;BAI1;hg19;8;143614704;143614722;143614821;143614839
2;M;13;AMPL800369709;CAGGTGCTGCTCATCTGATCT;GGTACGAGGCAGGTAGGG;GENE;BAI1;hg19;8;143618268;143618289;143618473;143618491
1;O;5;AMPL802655922;CTCCCGAGCGGTCTGTG;AGTGGACAGGGATGGGTGAT;GENE;BAI1;hg19;8;143620655;143620672;143620858;143620878
2;M;23;AMPL804499443;GGACTGTCCTACGCCATCCT;CAGCTTCAGCTTCTCCTCCTC;GENE;BAI1;hg19;8;143623238;143623258;143623372;143623393
1;D;15;AMPL3865817599;CTGAAGCGGCCGTCTCT;TTGAAGATGTCCCCGTCACC;GENE;BAI1;hg19;8;143623352;143623369;143623555;143623575
2;D;9;AMPL3865827248;GCCCAAGTCCTCCTTCGTC;GCCGTGCTGAGGTGGAT;GENE;BAI1;hg19;8;143623537;143623556;143623726;143623743
1;O;15;AMPL804509181;GAACGAGAATGTCGCCACCT;GGACCACACGTCAGACATACAC;GENE;BAI1;hg19;8;143623969;143623989;143624163;143624185
2;D;1;AMPL3865811390;GGCGAGTGAGTCCCTGATG;CAGAGCACATCTGGCCCTAAG;GENE;BAI1;hg19;8;143624667;143624686;143624829;143624850
1;D;21;AMPL3865824181;CTGGCCCAGGACTCACTG;AGACGGTGGCCTGACCTAA;GENE;BAI1;hg19;8;143624926;143624944;143625106;143625125
2;M;19;AMPL803999478;CCCTACTCCTCGGGCTCAT;CCACTCCACGCTGCGAA;GENE;BAI1;hg19;8;143625513;143625532;143625695;143625712
1;D;19;AMPL3865823396;CCACGTGGGTGAAGAAGGAG;CCTCGGTCTGGAGGTCGAT;GENE;BAI1;hg19;8;143625645;143625665;143625754;143625773
1;O;12;AMPL3665051746;CCTGTAGGACCTTCGGTGAC;GCCATTGCGAGAACTTTATCCATAAGTA;GENE;CDKN2A;hg19;9;21968162;21968182;21968339;21968367
2;E;8;AMPL1184678398;CCCAGGCATCTTTTGCACCT;AGCCCATACGCAACGAGATT;GENE;CDKN2A;hg19;9;21968622;21968642;21968826;21968846
1;A;9;AMPL391621543;CAGGGTACAAATTCTCAGATCATCAGT;CTTCCTGGACACGCTGGT;GENE;CDKN2A;hg19;9;21970868;21970895;21971073;21971091
2;K;17;AMPL703866942;GCATCGCGCACGTCCAG;CCTGGCTCTGACCATTCTGT;GENE;CDKN2A;hg19;9;21971032;21971049;21971219;21971239
1;E;21;AMPL403321696;CCCCTTCAGATCTTCTCAGCATT;TCTGGAGGACGAAGTTTGCAG;GENE;CDKN2A;hg19;9;21974427;21974450;21974612;21974633
2;E;3;AMPL395029367;AGCGCTACCTGATTCCAATTCC;GGAGCAGCATGGAGCCTT;GENE;CDKN2A;hg19;9;21974590;21974612;21974792;21974810
1;G;2;AMPL1821497782;CGTGGCCAGCCAGTCAG;CGGTCCCTCCAGAGGATTTGAG;GENE;CDKN2A;hg19;9;21974773;21974790;21974968;21974990
2;E;10;AMPL1185278949;CGGACTTTTCGAGGGCCTT;AGAACATGGTGCGCAGGTT;GENE;CDKN2A;hg19;9;21994113;21994132;21994316;21994335
1;E;14;AMPL1185303069;GAATCCGGAGGGTCACCAAG;TGGGTCCCAGTCTGCAGTTAA;GENE;CDKN2A;hg19;9;21994297;21994317;21994413;21994434
1;C;24;AMPL909388873;GGTTGGGAGTAGGGAAGAATGG;GTGGTCTTTCTGATCGACTCTTTCA;GENE;CYP17A1;hg19;10;104590357;104590379;104590517;104590542
2;C;18;AMPL909420642;GGCGCACCTTGATCTTCACTT;CTATTTGCCCTTCGGAGCAG;GENE;CYP17A1;hg19;10;104590497;104590518;104590673;104590693
1;E;2;AMPL909474231;TCACCTATACAGGAGCGAGGT;CCATAATAAGGCTACATCCTCAGATCAG;GENE;CYP17A1;hg19;10;104590652;104590673;104590843;104590871
2;C;16;AMPL909108041;GGGTGTCAACAGGTCCGTAT;TGCATCACAATGAGAAGGAGTGG;GENE;CYP17A1;hg19;10;104591129;104591149;104591289;104591312
1;F;17;AMPL4042737750;CATGAACTGATCCGGCTGGT;GCAAGGAAGGGAGTACGAAGTC;GENE;CYP17A1;hg19;10;104591269;104591289;104591402;104591424
2;C;14;AMPL909107601;GCAAGCAGTGTTGAATGCATCA;AGCCGCACACCAACTATCAG;GENE;CYP17A1;hg19;10;104592213;104592235;104592372;104592392
1;C;20;AMPL909134907;GGAGGAGACGGTTACGGTCA;CTTACACACACTAGTCACCTCCAA;GENE;CYP17A1;hg19;10;104592353;104592373;104592454;104592478
2;C;12;AMPL909072886;GCCTAGTCTTCCTGCACAGAAA;CAGATAACCACATTCTCACCACCA;GENE;CYP17A1;hg19;10;104592645;104592667;104592832;104592856
1;C;22;AMPL909145618;AGCCCCAAAGATGTCCCCTA;TCCTTCCTTATTAATGTCTCCCAACCT;GENE;CYP17A1;hg19;10;104592813;104592833;104592977;104593004
2;C;4;AMPL908319985;AGCCTAACTCATATTCTCTTCTGCTCT;AGCAAAATGGAAGAAGGGTGGATT;GENE;CYP17A1;hg19;10;104593757;104593784;104593902;104593926
1;F;15;AMPL4042719006;GGGTCTACTAGAACCTGAAGGCA;TCCTTGATCTGCTTCAATACCTCCTA;GENE;CYP17A1;hg19;10;104594501;104594524;104594644;104594670
2;F;1;AMPL4042783864;CAACTCAGGGTCCCCATTCTTG;GCTGATTCATTTCCCACCCTCAT;GENE;CYP17A1;hg19;10;104594623;104594645;104594788;104594811
1;C;18;AMPL908889303;CCTCTCTGTACCAGTTGCCTCTTA;TGTTCAAGGATGGCGATCAGAAG;GENE;CYP17A1;hg19;10;104594822;104594846;104595023;104595046
2;C;8;AMPL908962869;TGGCACTCACTGATCTTCTCCA;GTGGATGGTGTGAGATTCCTACAG;GENE;CYP17A1;hg19;10;104595001;104595023;104595168;104595192
1;F;13;AMPL4042699352;GGTCTGAAGACCTGAACAATCC;TTCGTATGGGCACCAAGACTAC;GENE;CYP17A1;hg19;10;104596756;104596778;104596900;104596922
2;D;23;AMPL4042733400;GTGGTGGCCGACAATCACT;TCTTGCTGCTTACCCTAGCTTATTTG;GENE;CYP17A1;hg19;10;104596882;104596901;104597073;104597099
1;C;14;AMPL908549044;GCACCTTCTCTTGGGCCAAAA;GAGTTGCCACAGCTCTTCTACTC;GENE;CYP17A1;hg19;10;104597053;104597074;104597155;104597178
1;I;1;AMPL415118570;CACAAGCGGTCCGAAGTC;AGATCAACTCGAGCGCCATC;GENE;MEN1;hg19;11;64571779;64571797;64571913;64571933
2;G;7;AMPL415139377;TGCCGTGAGTTGCAGCTT;GCCAGGGTGCAGTGTCAG;GENE;MEN1;hg19;11;64571896;64571914;64572101;64572119
1;I;3;AMPL415146260;GACAGTCCCAGGAGGCTTC;GGCAGAAGGTGCGCATAGT;GENE;MEN1;hg19;11;64572073;64572092;64572265;64572284
2;G;9;AMPL415147286;CCTTGTCCAGTGCTGGCTT;AACCTTGCTCTCACCTTGCT;GENE;MEN1;hg19;11;64572132;64572151;64572304;64572324
1;I;19;AMPL420236215;CTGGGCCAGAAAAGTCTGACAA;CCCACCTGCTGCGATTCTAC;GENE;MEN1;hg19;11;64572427;64572449;64572604;64572624
2;G;19;AMPL420288269;TCCTCCCATTTGCAGATGCC;GGGTGAGTAAGAGACTGATCTGT;GENE;MEN1;hg19;11;64572582;64572602;64572693;64572716
1;I;5;AMPL415709890;CCTTCCTCCTGCCATCCCTAAT;ACGAGGAGATCTACAAGGAGTTCTT;GENE;MEN1;hg19;11;64573000;64573022;64573197;64573222
2;I;1;AMPL437960938;GGGATGACATCATTGGCTACTTCA;AGACAGCATCATTTTGCAGTGAG;GENE;MEN1;hg19;11;64573174;64573198;64573354;64573377
1;G;17;AMPL413367150;CGAGGGTGGTTGGAAACTGAT;CTATCGGGATGAACACATCTACCC;GENE;MEN1;hg19;11;64573635;64573656;64573793;64573817
2;E;23;AMPL413382245;GTAGCCAGCCAGGTACATGTAG;GAGAGGACTCCCTGGGATCTT;GENE;MEN1;hg19;11;64573772;64573794;64573937;64573958
1;G;23;AMPL414658635;CCTCAGCCACTGTTAGGGTCT;GGAAAGGTCAGTAGAGGGAAGTG;GENE;MEN1;hg19;11;64574432;64574453;64574633;64574656
2;G;1;AMPL414187227;GGGTACCTAGGAAAGGATCATAATTCA;ACCTCTGCCCGATAGGCTA;GENE;MEN1;hg19;11;64574565;64574592;64574746;64574765
1;G;19;AMPL413952293;CTGCAGAAGCTCCAGCGA;GGTGGGCCATCATGAGACATAAT;GENE;MEN1;hg19;11;64575033;64575051;64575171;64575194
2;G;3;AMPL414551647;GGTGTGGCCCAAGAAAATGGA;TCATGCCTGGGTAGTGTTTGG;GENE;MEN1;hg19;11;64575278;64575299;64575456;64575477
1;G;21;AMPL414568938;GTGACCTCAGCTGTCTGCTC;ACAGAGGACCCTCTTTCATTACCT;GENE;MEN1;hg19;11;64575427;64575447;64575584;64575608
2;G;13;AMPL416422568;GAGGGTTTTGAAGAAGTGGGTCAT;TCGACCTGTCCCTCTATCCTC;GENE;MEN1;hg19;11;64577083;64577107;64577259;64577280
1;I;7;AMPL416509330;GCTGGAGACACCCCCTTCT;TCGTGGAGCATTTTCTGGCT;GENE;MEN1;hg19;11;64577240;64577259;64577434;64577454
2;G;15;AMPL416538242;GTAGGGATGACGCGGTTGA;CCCAGAAGACGCTGTTCCC;GENE;MEN1;hg19;11;64577415;64577434;64577546;64577565
1;I;9;AMPL416539471;CACCACGTCGTCGATGGA;GGGCGGGTGGAACCTTAG;GENE;MEN1;hg19;11;64577522;64577540;64577670;64577688
2;K;2;AMPL3653606322;CTCTCTAGTCCCTTTGGAGGCT;ATTCATCGGCTTCTGCTTCCAT;GENE;MCAM;hg19;11;119180503;119180525;119180703;119180725
1;K;10;AMPL3653632931;TGACAAAGAGGGATGAAGGATAGAGA;GCGAACTTGTAGTTGAAGTTAAGTCAGA;GENE;MCAM;hg19;11;119180962;119180988;119181125;119181153
2;K;14;AMPL3653645532;GCCCATCTCTTCTGGGAGCTTA;TCATCCATTCCACATCCTTCACAG;GENE;MCAM;hg19;11;119181104;119181126;119181237;119181261
1;K;22;AMPL3653689329;GCTGGGTGGCAAAACGG;AGTGACGAGGAGTGTCTTTGTG;GENE;MCAM;hg19;11;119181418;119181435;119181619;119181641
2;I;18;AMPL3653589885;CCTTTCTGGACAGGGCTCTCT;CAGTAACTTGCGCTTCTCCTAAC;GENE;MCAM;hg19;11;119181715;119181736;119181916;119181939
1;E;22;AMPL1683718633;GGTGTTAGGAGAAGCGCAAGTTA;GATCCACAGCGAGTCCTGAG;GENE;MCAM;hg19;11;119181914;119181937;119182093;119182113
2;E;24;AMPL1684089945;GGGTCACGAGGACATTCAGG;CACCATCTCCTGGAACGTCAA;GENE;MCAM;hg19;11;119182071;119182091;119182246;119182267
1;I;22;AMPL3653609678;AGGCAGGGATTAGGAGAGTGT;GCAGGCTAGCTGGGCTTG;GENE;MCAM;hg19;11;119182197;119182218;119182389;119182407
2;K;8;AMPL3653625890;GCAGCAGGTGGCTTTTTGT;GCATACCCGGCCTGAACC;GENE;MCAM;hg19;11;119182436;119182455;119182547;119182565
1;F;5;AMPL3865866652;CACCAAAAATGGCCACGTTGA;CAGACCCTCTGACCCATCTCT;GENE;MCAM;hg19;11;119182515;119182536;119182667;119182688
2;K;12;AMPL3653642615;CACCCCATCAGCCCCTT;CCTGCCCTGGGTGACAT;GENE;MCAM;hg19;11;119182724;119182741;119182897;119182914
1;K;14;AMPL3653651392;GGACTCACTCGGACGTCAGA;TGATATCGCTGCTGAGTGAACC;GENE;MCAM;hg19;11;119182856;119182876;119182995;119183017
2;K;20;AMPL3653655738;CACAGTTCACCAGTAGTTCCTGT;ACTCTGCTCACCTCCCCAAT;GENE;MCAM;hg19;11;119182973;119182996;119183147;119183167
1;K;6;AMPL3653630720;ACCTGGGTCTCTGCTTGCAT;CAGCCCAGGGTTGACTCA;GENE;MCAM;hg19;11;119183185;119183205;119183390;119183408
2;K;18;AMPL3653653453;GTCAACCCTGGGCTGGATAAG;GTTAAAGAAGACAAAGATGCCCAGTT;GENE;MCAM;hg19;11;119183394;119183415;119183556;119183582
1;K;18;AMPL3653662160;CCGGTAGTTGAGCTCACAGTAA;ATTTAGATGGTCCCCTGCCAAC;GENE;MCAM;hg19;11;119183535;119183557;119183733;119183755
2;D;15;AMPL3865881680;AAGGGTGGCTTTTGGGAGAA;GGTGAGATGTGTGGCAGGTG;GENE;MCAM;hg19;11;119185167;119185187;119185369;119185389
1;I;16;AMPL3653577615;CTCCGAGCCCCCTTCAA;GTGTCTGCCAGCAGGGT;GENE;MCAM;hg19;11;119185317;119185334;119185513;119185530
2;I;16;AMPL3653587798;GCTCCTCCGGAGCTTCTACAA;ACTCTGGCCCTGACTCAAGT;GENE;MCAM;hg19;11;119185445;119185466;119185625;119185645
1;F;7;AMPL3865869828;AGATGCGCTCGTCTTGGG;CCCTTCTCCTCCTCTGTGTCT;GENE;MCAM;hg19;11;119185603;119185621;119185761;119185782
2;D;13;AMPL3865880050;AGGGTCCTGGGCTACAAGA;TGAAGTGCGGCCTCTCC;GENE;MCAM;hg19;11;119185779;119185798;119185887;119185904
1;K;16;AMPL3653656647;AACCAGTCGACATGGCTGAG;CTCTGAGTGGCAGGAAAAACAG;GENE;MCAM;hg19;11;119185853;119185873;119186052;119186074
2;K;16;AMPL3653646407;CGTCCTCCCAGACGCAAC;GCCTCGAGCTGCTCACT;GENE;MCAM;hg19;11;119187635;119187653;119187837;119187854
1;G;1;AMPL405668467;GCGCTCCTCCACAGCTC;TGCTCTGGGTCCTCCTCA;GENE;RB1;hg19;13;48878006;48878023;48878134;48878152
2;E;13;AMPL405668791;CGTCATGCCGCCCAAAA;GCTCTGCTCGCTCACCTG;GENE;RB1;hg19;13;48878045;48878062;48878182;48878200
1;I;21;AMPL425078137;GGAGGACCTGCCTCTCGT;CCAAGAACCCAGAATCCTGTCA;GENE;RB1;hg19;13;48878165;48878183;48878351;48878373
2;G;2;AMPL1687195295;GTTCTTTTTCACAGTAGTGTTATGTGCA;TCTCTCTCTGACATGATCTGGTATCTTT;GENE;RB1;hg19;13;48881310;48881338;48881469;48881497
1;G;7;AMPL408897671;TGAGTTTGAAGAAACAGAAGAACCTGAT;GAAAATCCTTACCAATACTCCATCCACA;GENE;RB1;hg19;13;48881419;48881447;48881526;48881554
2;I;10;AMPL3499037056;TTTCAAATATATGCCATCAGAAGGATGT;GATACAGATTCCCCACAGTTCCTTTT;GENE;RB1;hg19;13;48916572;48916600;48916753;48916779
1;O;16;AMPL3677824944;GTTCCCAGGGAGGTTATATTCAAAAGA;CAAAAGTCTATTGAGAGGAAAATCCAGAA;GENE;RB1;hg19;13;48916727;48916754;48916898;48916927
2;M;5;AMPL782966304;AGTGATTTGATGTAGAGCTGATAATCTTTT;GCTGAAGAGTGCAAACAATACATCAT;GENE;RB1;hg19;13;48919101;48919131;48919298;48919324
1;O;18;AMPL3677839183;AATGCTATGTCAAGACTGTTGAAGAAGT;TAATTCCCAGAATCTAATTGTGAACAATGA;GENE;RB1;hg19;13;48919271;48919299;48919378;48919408
2;G;23;AMPL426521876;ATATTAAAGTGATGTGAGATGTCATAAATTGGG;CGAACTGCTGGGTTGTGTCAAATATA;GENE;RB1;hg19;13;48921777;48921810;48921974;48922000
1;G;13;AMPL410559974;GTCATAATGTTTTTCTTTTCAGGACATGTGA;AGCCTGCTATAATCGATCAAACTAACC;GENE;RB1;hg19;13;48921939;48921970;48922078;48922105
2;I;3;AMPL449040401;AATAGAGATAAACTCAGGTGTAAATTATGCAAT;CAAGAAACTTTTAGCACCAATGCAGAA;GENE;RB1;hg19;13;48922912;48922945;48923109;48923136
1;I;11;AMPL417128043;TCTACTGAAATAAATTCTGCATTGGTGCTA;GAACTTGCTAACAGTTAATAAGCCAAG;GENE;RB1;hg19;13;48923096;48923126;48923275;48923302
2;E;6;AMPL1078580037;CCCTGCGATTTTCTCTCATACAAAGAT;TTAAATACTTACTATATGGTTCTTTGAGCAACA;GENE;RB1;hg19;13;48934083;48934110;48934242;48934275
1;I;13;AMPL418295944;TGGATGAAATTGTTATCCTTCTAATGAAACCT;GCTATCCGTGCACTCCTGTTC;GENE;RB1;hg19;13;48936799;48936831;48937002;48937023
2;E;2;AMPL1074269905;CATTAATGGTTCACCTCGAACACC;ACAAAAGAAGTAAATATTGTTAGGGAGAACT;GENE;RB1;hg19;13;48936967;48936991;48937144;48937175
1;G;15;AMPL411036386;TCTTGGACTTGTAACATCTAATGGACTTC;TGGCTAGATTCTTCTTGGGCAAAA;GENE;RB1;hg19;13;48939074;48939103;48939210;48939234
2;G;11;AMPL416346900;CTGTGTGCTGAGAGATGTAATGACA;TCAGTATCAACCTATATCTAAAGCAAATCAATC;GENE;RB1;hg19;13;48941568;48941593;48941759;48941792
1;I;17;AMPL418757130;GCAGCAGCTGGGTCATCTATT;TGTGGAGGAATTACATTCACCTCTTC;GENE;RB1;hg19;13;48942506;48942527;48942702;48942728
2;K;9;AMPL651427926;AGAACACCACGAAAAAGTAACCTTGAT;AAGAAACGTGAACAAATCTGAAACACTA;GENE;RB1;hg19;13;48942676;48942703;48942793;48942821
1;E;10;AMPL1076140421;TCCCTTCATTGCTTAACACATTTTCCTA;TTAATTTCAAGTTTCTTTGCCAAGATATTACAA;GENE;RB1;hg19;13;48947497;48947525;48947654;48947687
2;E;19;AMPL410025321;TCCTCGACATTGATTTCTGTTTTTACCT;CGAACTGGAAAGATGCTGCTTTTAATAT;GENE;RB1;hg19;13;48951019;48951047;48951212;48951240
1;E;20;AMPL1558219837;TCCTTTAGCAAACTTCTGAATGACAACA;TCCTTCTCCTTAACCTCACACTATCC;GENE;RB1;hg19;13;48954293;48954321;48954456;48954482
2;M;3;AMPL782507847;TTAACCTTTCTACTGTTTTCTTTGTCTGA;GCCTTCTGCTTTGATAAAACTTTCGAT;GENE;RB1;hg19;13;48955280;48955309;48955477;48955504
1;G;11;AMPL409852039;TCCCATGGATTCTGAATGTGCTTAATTT;GTTAGCCATATGCACATGAATGAATTTCT;GENE;RB1;hg19;13;48955425;48955453;48955599;48955628
2;E;17;AMPL408333150;TGCCACTGTCAATTGTGCCTAA;GGAAGATTAAGAGGACAAGCAGATTCAAG;GENE;RB1;hg19;13;49027008;49027030;49027188;49027217
1;M;7;AMPL637245808;CCGAGAAGGACCAACTGATCAC;AATCTATTTGCAGTTTGAATGGTCAACA;GENE;RB1;hg19;13;49027167;49027189;49027266;49027294
2;G;10;AMPL2452020914;CTGGGTGTACAACCTTGAAGTGT;TTATAAAACAGTGAAAGAGAGGTAGATTTCAAT;GENE;RB1;hg19;13;49030256;49030279;49030447;49030480
1;I;23;AMPL448901123;CAGACCCAGAAGCCATTGAAATC;TCAAGAAAGATCTCGCAACATTATCAT;GENE;RB1;hg19;13;49030434;49030457;49030629;49030656
2;G;14;AMPL2520015974;GGAAAGAAAAGAGTGGTAGAAAAGAGGT;TTCACAAAGTGTATTTAGCCGGAGAT;GENE;RB1;hg19;13;49033680;49033708;49033838;49033864
1;G;10;AMPL2520017411;CACAGTGTATCGGCTAGCCT;GGAGAGAAGGTGAAGTGCTTGATTTT;GENE;RB1;hg19;13;49033819;49033839;49033974;49034000
2;G;17;AMPL417468440;GAACAAAACCATGTAATAAAATTCTGACTACTT;CCTACCTCCTGAACAGCATGAG;GENE;RB1;hg19;13;49037813;49037846;49037954;49037976
1;G;5;AMPL408736586;CATGTATGGCATATGCAAAGTGAAGAAT;AGATCAAATGAATTACCTATGTTATGTTATGGA;GENE;RB1;hg19;13;49037881;49037909;49038012;49038045
2;G;5;AMPL414695272;CCTTTATAATATGTGCTTCTTACCAGTCA;CTCTGCATGAAGACCGAGTTATAGAAT;GENE;RB1;hg19;13;49038991;49039020;49039183;49039210
1;M;9;AMPL651771571;CCTCAGACATTCAAACGTGTTTTGAT;TTTTGGTGGACCCATTACATTAGATTTT;GENE;RB1;hg19;13;49039128;49039154;49039274;49039302
2;E;15;AMPL406167024;TTTTGTTTTTGCTCTAGCCCCCTA;CCCCTCTCATTCTTTACTACTTCCCTAA;GENE;RB1;hg19;13;49039324;49039348;49039519;49039547
1;E;23;AMPL405360749;TGCTCATCTCTGCAAAATTGTATATGGT;AGGTGTTTGAATAACTGCATTTGGAAATT;GENE;RB1;hg19;13;49047430;49047458;49047601;49047630
2;C;20;AMPL912027424;CTTTTATTTGGTCCAATGAAGCAGAAA;CCTTCAGCACTTCTTTTGAGCAC;GENE;RB1;hg19;13;49050690;49050717;49050887;49050910
1;G;9;AMPL408928607;GATGGTATGTAACAGCGACCGT;GCTACTGGAAAACATTCAAAACTGGTT;GENE;RB1;hg19;13;49050866;49050888;49050984;49051011
2;E;21;AMPL410859997;AGCATAAAGTAAGTCATCGAAAGCATCA;CGAAAAGACTTCTTGCAGTGTAAACA;GENE;RB1;hg19;13;49051393;49051421;49051580;49051606
1;G;3;AMPL407755528;TGAGCATAATATATATGGCAGCCACTTG;CAGTCACATCTGTGAGAGACAATGA;GENE;RB1;hg19;13;49054053;49054081;49054248;49054273
1;A;5;AMPL388592559;ACCTATTGCAAGCAAGGGTTCA;ATGTGATGTCATCTCTCCTCCCT;GENE;TP53;hg19;17;7572826;7572848;7573025;7573048
2;A;3;AMPL387894777;CATGAAGGCAGGATGAGAATGGAAT;CTTACTTCTCCCCCTCCTCTGT;GENE;TP53;hg19;17;7573839;7573864;7574041;7574063
1;M;4;AMPL3658613517;TCAGGCAAAGTCATAGAACCATTTTCA;TGGTTGTAGCTAACTAACTTCAGAACAC;GENE;TP53;hg19;17;7576590;7576617;7576686;7576714
2;E;16;AMPL1514447650;TGCAGGTAAAACAGTCAAGAAGAA;GGAGACCAAGGGTGCAGTTATG;GENE;TP53;hg19;17;7576766;7576790;7576968;7576990
1;M;13;AMPL705603720;GCACCCTTGGTCTCCTCCAC;GATTTCCTTACTGCCTCTTGCTTCT;GENE;TP53;hg19;17;7576976;7576996;7577174;7577199
2;A;5;AMPL388733576;AAAAGAAAACTGAGTGGGAGCAGTAA;CCATCCTCACCATCATCACACTG;GENE;TP53;hg19;17;7577331;7577357;7577509;7577532
1;A;1;AMPL387805648;GGCTCCTGACCTGGAGTCTT;CTCATCTTGGGCCTGTGTTATCT;GENE;TP53;hg19;17;7577489;7577509;7577613;7577636
2;A;1;AMPL387845397;ACCACCCTTAACCCCTCCTC;GAGACGACAGGGCTGGTT;GENE;TP53;hg19;17;7578131;7578151;7578333;7578351
1;G;6;AMPL2449945349;TCATCCAAATACTCCACACGCAAA;CATCTACAAGCAGTCACAGCAC;GENE;TP53;hg19;17;7578226;7578250;7578425;7578447
2;K;19;AMPL707393441;CGCCTCACAACCTCCGTCAT;CTTTCAACTCTGTCTCCTTCCTCTTC;GENE;TP53;hg19;17;7578406;7578426;7578560;7578586
1;M;5;AMPL624460718;AAGGGTGAAGAGGAATCCCAAAG;TCATCTTCTGTCCCTTCCCAGA;GENE;TP53;hg19;17;7579212;7579235;7579385;7579407
2;K;11;AMPL651471237;CGTAGCTGCCCTGGTAGGTTT;CGGACGATATTGAACAATGGTTCAC;GENE;TP53;hg19;17;7579365;7579386;7579522;7579547
1;A;7;AMPL388679445;TCATCTGGACCTGGGTCTTCA;CGTTCTGGTAAGGACAAGGGTT;GENE;TP53;hg19;17;7579502;7579523;7579684;7579706
2;E;18;AMPL1547505015;GGGACTGTAGATGGGTGAAAAGA;CCCCTAGCAGAGACCTGTGG;GENE;TP53;hg19;17;7579587;7579610;7579766;7579786
1;A;3;AMPL388009515;GCTTCCCACAGGTCTCTGCTA;GGGTTGGAAGTGTCTCATGCT;GENE;TP53;hg19;17;7579762;7579783;7579964;7579985
2;O;17;AMPL899064867;TTCCCAGGAGCAGGACTCT;CCCCTCTCAGCCACACTCT;GENE;RNF43;hg19;17;56432223;56432242;56432419;56432438
1;B;13;AMPL3709462843;GTAGTCTCCTCTCCCTACCACA;CCAGGCCCCTGTTACTCAAA;GENE;RNF43;hg19;17;56434784;56434806;56434974;56434994
2;B;9;AMPL3709475101;ACAACCACACTGGCTGTGAA;CTTGCCAGATTTTTCCCCATTACA;GENE;RNF43;hg19;17;56434955;56434975;56435083;56435107
1;A;8;AMPL899038182;GGACCAAGGATATGCCACACTG;CCAGTACCAGCAGTCTGTTCAA;GENE;RNF43;hg19;17;56435058;56435080;56435214;56435236
2;O;15;AMPL899045005;CAGAGAGGCTGGATTTTTGCAAG;CCAGAGCCACCTTCTCCTGAT;GENE;RNF43;hg19;17;56435192;56435215;56435351;56435372
1;O;21;AMPL898992061;GAGTTGGATCTGGTGACTTGCT;TTCCTTGGACTCGGTGGTG;GENE;RNF43;hg19;17;56435329;56435351;56435525;56435544
2;O;13;AMPL899021677;GGTAGTGGACATGGCTGGAAAC;AGCAGTTCTACTTTCTGCAGCTC;GENE;RNF43;hg19;17;56435486;56435508;56435637;56435660
1;A;6;AMPL899034334;GGGTCAAAGTCACTGCTTAGG;GACAGCAGTGGATCTGGAGAAAG;GENE;RNF43;hg19;17;56435617;56435638;56435790;56435813
2;O;9;AMPL898991403;CCACTGCGTTCTGTGCAATAG;CCAGCACCCCTATGCACAAG;GENE;RNF43;hg19;17;56435770;56435791;56435893;56435913
1;O;23;AMPL898997152;CTGTGAGGTGGATTGGAGGTG;CCCTGCTGCCTACCTGTTG;GENE;RNF43;hg19;17;56435859;56435880;56436059;56436078
2;O;11;AMPL899002910;CCACTGCACTCCGGGAAG;AATGCATTCTCTGTAGGTTTGTAGAGTT;GENE;RNF43;hg19;17;56436038;56436056;56436215;56436243
1;A;2;AMPL899008783;GGAAGCCACATTCTAGACCTGT;CTGGCAATTCCTATGGCTACAGA;GENE;RNF43;hg19;17;56437450;56437472;56437645;56437668
2;B;7;AMPL3709460252;GGTCATGGAGGTGAACCACA;CCCCAATCTGAGCCCCATT;GENE;RNF43;hg19;17;56438111;56438131;56438316;56438335
1;A;4;AMPL899028869;GTACTCCTTCCTTCTCCCTAACCA;CCCGGAAGTATGACCCTTTCC;GENE;RNF43;hg19;17;56439827;56439851;56440028;56440049
2;I;8;AMPL3344091797;GGAGTTGCCACAGGACAAAGTA;TGATGGAGTTTGTGTACAAGAACCA;GENE;RNF43;hg19;17;56440572;56440594;56440678;56440703
1;I;12;AMPL3344040552;CTCAATCCTCACATGGGCCTTT;GATGGAGGAAGATAAAGCTCTCAGG;GENE;RNF43;hg19;17;56440657;56440679;56440824;56440849
2;O;7;AMPL898989797;GTGACTTCTCCCTGCCCTTC;TGGGTGGGCTCTGTCCTT;GENE;RNF43;hg19;17;56440798;56440818;56441000;56441018
1;A;10;AMPL899064539;GAAGCTCCGGGTGTGTGTAG;CCTAAAGCCTCCCTAACCCAA;GENE;RNF43;hg19;17;56448234;56448254;56448412;56448433
2;I;4;AMPL3343964183;GAATGCCAATAAGGCAGTATCTACTCTT;CTGAATCTCACTTTGGAAGGTGTGT;GENE;RNF43;hg19;17;56492541;56492569;56492733;56492758
1;I;10;AMPL3343976985;GAGTTATTTCAGCAACACCAGCAA;GGACTGGTACTGGCAGCA;GENE;RNF43;hg19;17;56492710;56492734;56492836;56492854
2;I;6;AMPL3343980870;TTCTGCTGATCTTTCAGACTCCAC;AGTATGTATGGTTGAAGTGCATTGCT;GENE;RNF43;hg19;17;56492810;56492834;56492950;56492976
1;K;12;AMPL3653639719;AGGAGACGGCGTTCGTG;CCCCGGAGCCATCTTGTG;GENE;ZNRF3;hg19;22;29279921;29279938;29280091;29280109
2;I;24;AMPL3653601397;AATGTGTAGCTTGCCTGCTGA;CCAACCAGAAACACAGTGATTCC;GENE;ZNRF3;hg19;22;29383017;29383038;29383206;29383229
1;F;11;AMPL3865922136;AACTTTGAAAAGGTAAGAGGACCAGAG;ACAAGCCAAGCTCACTAAAGGAA;GENE;ZNRF3;hg19;22;29438425;29438452;29438606;29438629
2;K;24;AMPL3653718993;CCCTCCAGCCTTTCTTTCTCTCTA;ACGATGTTCATCAGCTTAATGGCA;GENE;ZNRF3;hg19;22;29439210;29439234;29439345;29439369
1;M;2;AMPL3653724262;GGTGTATGTGAAGGGTGCAGA;AGGGACAGGTAGTAGCAGAGAAG;GENE;ZNRF3;hg19;22;29439325;29439346;29439453;29439476
2;I;20;AMPL3653596623;GTGCCGCTTACCAGGCT;CCCAGTGTCACGGCAAGA;GENE;ZNRF3;hg19;22;29440710;29440727;29440915;29440933
1;K;20;AMPL3653664878;CCCACGCGTCTGGAGAATAT;CCATCTTCTCTAGAGCCTGCAC;GENE;ZNRF3;hg19;22;29442525;29442545;29442724;29442746
2;K;22;AMPL3653695737;AATTCCATGAACAGGCTGGCT;TGCTGACCTGCCTATGTTTTCC;GENE;ZNRF3;hg19;22;29442704;29442725;29442902;29442924
1;I;20;AMPL3653606591;GACTCTGCAGGAGGACACAC;TCACACTCTAGCTAGGCACTTGA;GENE;ZNRF3;hg19;22;29444312;29444332;29444513;29444536
2;I;22;AMPL3653597794;CCTTTAGCCTCTGACACCAGT;CGTGGGAGTCCATGCTTGTC;GENE;ZNRF3;hg19;22;29445122;29445143;29445320;29445340
1;I;24;AMPL3653611840;CATCCCAGCCTACCCTACGA;GTGGGTAGCTGCGGATGTAG;GENE;ZNRF3;hg19;22;29445300;29445320;29445410;29445430
2;K;4;AMPL3653615770;AGCCTCTATTCCCCGCAGA;TGAGGCCCTGGAAGTAGTAGTG;GENE;ZNRF3;hg19;22;29445385;29445404;29445579;29445601
1;K;2;AMPL3653620941;TCCCAGTATGAGACCATGTACCA;CGGTGGCCGTGATAGCAG;GENE;ZNRF3;hg19;22;29445556;29445579;29445758;29445776
2;K;6;AMPL3653625221;GCAGCACGTCCAGCTTCA;GCTGACCTCAGTGCAGTCTAC;GENE;ZNRF3;hg19;22;29445740;29445758;29445873;29445894
1;K;4;AMPL3653627935;ACTGTTCCTCCAGTGACTCTGT;CCGGCTGCGGTAGATGAAG;GENE;ZNRF3;hg19;22;29445851;29445873;29445956;29445975
2;K;10;AMPL3653628605;TCCCTCAGCAGCGACTATGA;CTGCAGGTGGACACCTGAT;GENE;ZNRF3;hg19;22;29445934;29445954;29446135;29446154
1;K;8;AMPL3653631627;GTGCACAGTCATGGTGCTG;CCTCGAGCCCCACTTCT;GENE;ZNRF3;hg19;22;29446075;29446094;29446217;29446234
2;I;12;AMPL3653574252;GGGCCCAATAGCTCTACCTC;GGGCCAGAGCCCTCGTA;GENE;ZNRF3;hg19;22;29446198;29446218;29446386;29446403
1;I;14;AMPL3653577531;GCAGCAGCACCTTGTTCC;GGCCACCTGCTTCTCTTCA;GENE;ZNRF3;hg19;22;29446355;29446373;29446514;29446533
2;I;14;AMPL3653582249;GTCTGCCCTGCTGCTTCTA;GTCCCTTGGCAGTCCGA;GENE;ZNRF3;hg19;22;29446496;29446515;29446698;29446715
1;I;18;AMPL3653590197;CCAGAGGATGTGGACTGTGATCT;ACTAGGGAAGTTGGCCCTGA;GENE;ZNRF3;hg19;22;29446666;29446689;29446867;29446887
2;D;17;AMPL3865911109;GTGCTGCCAGGCTAGGG;CTGCTCTGACCTACTGCCATTT;GENE;ZNRF3;hg19;22;29446809;29446826;29446947;29446969
1;K;24;AMPL3653700400;GCTTCAGCCCTTTAGCATACACA;AGTCAGTTTGGAGTCTCCATACAGT;GENE;ZNRF3;hg19;22;29449444;29449467;29449642;29449667
1;B;21;AMPL3711836310;CTTCCCGTTCCCCCAGT;CCTCCAGAGCCCCGATT;GENE;MED12;hg19;23;70338544;70338561;70338714;70338731
2;K;13;AMPL651714093;AAACAACTAAACGCCGCTTTCC;CTTAGATTCTTCCAGCCTTTTCCTTCA;GENE;MED12;hg19;23;70339193;70339215;70339347;70339374
1;C;4;AMPL906795268;CCCTGGGTTGGGAAGACTTAT;GTGTCAGGAAGGGTATTACAACGTAATT;GENE;MED12;hg19;23;70339387;70339408;70339569;70339597
2;B;13;AMPL3711866674;ACTTCAGCAGCATTATTGCAGAGA;GCCTGAAGGACAGGAAACAGTA;GENE;MED12;hg19;23;70339546;70339570;70339733;70339755
1;I;2;AMPL3009489352;ACTTGGTTCACTGACTTGGCT;CCAAACACCTCTTCCTTCTTACTGA;GENE;MED12;hg19;23;70339674;70339695;70339873;70339898
2;B;5;AMPL3709434343;GTCCATCCAGGTCCCCATTT;GCAGTACACCTGGTGTTAGGAGTTA;GENE;MED12;hg19;23;70339854;70339874;70340025;70340050
1;A;20;AMPL906106931;CAGCCAGTAGAAGGATATTCTAAGCA;CGGTAGTATTCAGCCATCTTCTGTAAC;GENE;MED12;hg19;23;70340753;70340779;70340857;70340884
2;G;24;AMPL3006693692;CATCACCAAGTACTTATGGGAGCA;AGTACAAGTTCAAGCTCAACCCAAT;GENE;MED12;hg19;23;70340834;70340858;70341030;70341055
1;B;23;AMPL3711844614;TGCTTCATCTCTAATAGTCCCCTCTTC;CTGCCCCACCAGTACCAAA;GENE;MED12;hg19;23;70341131;70341158;70341301;70341320
2;G;20;AMPL2877638682;GGGAGTCTAAGAAGAATTTGAGGAAG;TTGTTGACTGAGCAGATATAACATGAGA;GENE;MED12;hg19;23;70341322;70341348;70341513;70341541
1;G;20;AMPL2877514477;GATGGTGTGAGCAGTCACTCA;CTTCTCAGGCTATCTCTCAATGCTTC;GENE;MED12;hg19;23;70341493;70341514;70341688;70341714
2;O;24;AMPL3709391663;GGTAACCATGGTGAATGAGTTGGA;TCTGAGAGTACCAGGCTAGTGG;GENE;MED12;hg19;23;70342004;70342028;70342206;70342228
1;E;4;AMPL909516142;GGCTCTGGCCTTTTATATGCCT;GTCCTTACTATCCCCATCCTTTCCT;GENE;MED12;hg19;23;70342299;70342321;70342494;70342519
2;G;22;AMPL3004799112;ACAGGCAGTTGAAGTTCGCT;CCAAAGTATGAAGTACCCGTCCAATG;GENE;MED12;hg19;23;70342405;70342425;70342594;70342620
1;I;4;AMPL3013557912;CCACTTTTCCTCCTTAGGCTTCAC;GACTTCCCTCTCAGACATATTATTGCTC;GENE;MED12;hg19;23;70342571;70342595;70342765;70342793
2;A;18;AMPL907059804;TTTGTCCCCACCCCTACCTTA;TTGGCCAATCTTGTTCTCTTATCTC;GENE;MED12;hg19;23;70342896;70342917;70343087;70343112
1;A;18;AMPL906100900;TGAAGAAGCAGGTAAAAGTCAGTTCT;GTAACTGAGTCTAGGCAGAGGTAACTA;GENE;MED12;hg19;23;70343394;70343420;70343591;70343618
2;O;19;AMPL904998147;ACCACACTTTGTCCCTCAACAA;TGTGGGAGAAAACATCATGTCGAA;GENE;MED12;hg19;23;70343874;70343896;70344074;70344098
1;A;12;AMPL905037727;CTTAGTACTGCTGTTCTGTGAACTGA;ACGATCTAGTGCAAGGAAAAGCC;GENE;MED12;hg19;23;70344049;70344075;70344245;70344268
2;A;10;AMPL906277894;TTCCCCAATGAAGTTTTACAGATGGT;GCCAAAAGCAGGCATAATGGG;GENE;MED12;hg19;23;70344536;70344562;70344739;70344760
1;A;22;AMPL906316334;GACATTGACCCTAGTTCCAGTGTT;CTTCCCCTCACAGGGCATAG;GENE;MED12;hg19;23;70344638;70344662;70344838;70344858
2;A;22;AMPL907606591;CCTTTCTCTCAGTTGTTCTCCCCTA;GGGTTCAAAACAGATCATCACAAGGT;GENE;MED12;hg19;23;70344814;70344839;70345011;70345037
1;C;10;AMPL907675513;AGATCGGTGCTGGAGTCTGAT;GGGAGATCTGTTTAAGGAGCCTCA;GENE;MED12;hg19;23;70345162;70345183;70345352;70345376
2;A;2;AMPL905739431;GTCATGTCCCAATGTCCTGTCT;CCTTAAAGGAATATGTACAGGGAGGTG;GENE;MED12;hg19;23;70345428;70345450;70345623;70345650
1;C;8;AMPL907563466;CCCCACCCCTAGTCAACTAGTTA;GGAGGCCAGAATGTGGGAAA;GENE;MED12;hg19;23;70345822;70345845;70346026;70346046
2;A;8;AMPL906192477;CTTTCCTCTCTCCACTCCCATCT;TCCTGCCTCCACCCTCAT;GENE;MED12;hg19;23;70346147;70346170;70346351;70346369
1;I;6;AMPL3017809238;AATAGAGGTGTTGTTGATAGACTGTGG;CAGCCTCAACTACACTCAGTTCAT;GENE;MED12;hg19;23;70346648;70346675;70346825;70346849
2;B;1;AMPL3709402937;CGTTTACTCTGCTAGCTGCTGA;GCCAGAGCTTTGTTTCAGTTATTCC;GENE;MED12;hg19;23;70346804;70346826;70346996;70347021
1;A;16;AMPL905547750;GGAGCCCGCATACCATCT;GAGTAGGTCCCACTCGCTAC;GENE;MED12;hg19;23;70347136;70347154;70347340;70347360
2;C;10;AMPL908974353;CCTTCATCCCTCACTTTCTCCTTT;TGTGAGCTGCAGGGTTCTCTA;GENE;MED12;hg19;23;70347634;70347658;70347837;70347858
1;D;1;AMPL3711875843;CACCTGAGTTCATGATCGACACTC;GCCCTTCCTCACTCAGTACAC;GENE;MED12;hg19;23;70347814;70347838;70347977;70347998
2;I;2;AMPL3011141139;ACCATGCCCCCATCTGAGATA;CCATTCTGCACTCAGTGACTTG;GENE;MED12;hg19;23;70347999;70348020;70348190;70348212
1;G;24;AMPL3006620377;GCAGAGCTGACCGGCTATTG;CACTCTACGGAACTCTGTCCCT;GENE;MED12;hg19;23;70348171;70348191;70348361;70348383
2;A;24;AMPL907670382;CCTCCACACTGAGTCATGGT;TCCAGTGTGTATTGAAATTTGAGGTCT;GENE;MED12;hg19;23;70348406;70348426;70348601;70348628
1;E;6;AMPL909628174;CACACACATAAACCCACATACAGTT;GGGAACCACACTTTCTACTGTTG;GENE;MED12;hg19;23;70348899;70348924;70349090;70349113
2;A;20;AMPL907244830;CTGCCTCCGTGGATTCTACT;CTGGCACTCCACCCTATACAC;GENE;MED12;hg19;23;70349114;70349134;70349312;70349333
1;G;22;AMPL3006524278;TCTGTCCCATAGGGCAGGATTT;GGAAGTTCTTCTGTTCCTCCTGTC;GENE;MED12;hg19;23;70349417;70349439;70349563;70349587
2;B;3;AMPL3709432211;TGAAAGGTTCAGGCTTCACTGT;CATTTAGGAGGTGTGGGAGGAAG;GENE;MED12;hg19;23;70349542;70349564;70349716;70349739
1;B;7;AMPL3709391687;GCCCATCCCCCATATTCCTAA;GTCCAGCAGTCGATGTGGATAG;GENE;MED12;hg19;23;70349819;70349840;70349991;70350013
2;A;4;AMPL905965443;CGCCTCATGCAGCTCATTTG;GGTTCCTATTGTTTCTCCCCAGATTG;GENE;MED12;hg19;23;70349972;70349992;70350105;70350131
1;B;9;AMPL3709402114;TCAATGTTGCAGGAGATCAGGAATT;CCCTGACACATGGAGCTGAAC;GENE;MED12;hg19;23;70351305;70351330;70351508;70351529
2;O;21;AMPL905538010;TGCTTTCCTTCACCCTTAGCTAC;GGGATGGGTCCTAACATGTTTC;GENE;MED12;hg19;23;70351864;70351887;70352064;70352086
1;B;17;AMPL3711824167;TCCCCTGTGACCCTGTGT;CTTGGTCCACTCCCTAAGCC;GENE;MED12;hg19;23;70352191;70352209;70352395;70352415
2;C;6;AMPL908588251;CTTAAGAGAGTAGTCTGGAGAATGAGGT;ATCCTGCCCTTTCAGACATGTTAG;GENE;MED12;hg19;23;70352538;70352566;70352734;70352758
1;C;16;AMPL908718348;AGCCCTTCTTATCGCTGGTG;AGTAACCCCTTAGGTGCATCCTT;GENE;MED12;hg19;23;70352715;70352735;70352847;70352870
2;O;23;AMPL905540967;AACATATTGGCTGCTGTGGGA;GGCTTTTGCACTCCGCATTT;GENE;MED12;hg19;23;70352902;70352923;70353106;70353126
1;A;14;AMPL905507552;GCTTTCCTGAAACTCTGGCCTT;GGGAGCTTCTTGGGTATGAAAC;GENE;MED12;hg19;23;70354144;70354166;70354343;70354365
2;A;14;AMPL906862728;TTCACCTCTTTCTTCTTTGGTTTTCTCT;GATTCCAGTAACCGCAAACCTTG;GENE;MED12;hg19;23;70354518;70354546;70354718;70354741
1;B;11;AMPL3709403782;CCATCCCTGTTTTCTGTATCTCTGAA;GATGGAATCGAAGCCAGCAATC;GENE;MED12;hg19;23;70354888;70354914;70355069;70355091
2;E;14;AMPL1442180178;CCTTATCGATACCAAGGGCAACAA;AGCTGATGCAGGCAAAGTTCT;GENE;MED12;hg19;23;70355046;70355070;70355153;70355174
1;A;24;AMPL906616858;TGCTTCTTACCATCTCTCCTGAATCT;CACTCGGACTGTTCCAAACCA;GENE;MED12;hg19;23;70356011;70356037;70356214;70356235
2;A;12;AMPL906697834;CCGTCAGCACCACTCTCTT;GCTCTGGAGCCTTTTTCTCAGG;GENE;MED12;hg19;23;70356191;70356210;70356379;70356401
1;C;2;AMPL906724175;CCTGCTCCTACCCTGCTAGAG;CGTCATGAAGTGAGAGGCTGTG;GENE;MED12;hg19;23;70356359;70356380;70356533;70356555
2;E;20;AMPL1615271560;CCGACCCCATTCAGCTACAA;CCTTGCCTGTAGTTAAGGTGTGT;GENE;MED12;hg19;23;70356676;70356696;70356815;70356838
1;B;15;AMPL3711756658;ACCACCCAAACCCTGGTTCTATA;GGTAGGTCCCTCCAGCATTC;GENE;MED12;hg19;23;70356793;70356816;70356897;70356917
2;C;2;AMPL908318402;GAGCTATGGATGTCAAGGACACT;TGCCGGTACACAGAGGTCTTAT;GENE;MED12;hg19;23;70356960;70356983;70357162;70357184
1;C;12;AMPL908387874;TCATGGGTTTAGAACCCTCCTCTT;CCCTGAGTGTCCTTGTGAAGAT;GENE;MED12;hg19;23;70357139;70357163;70357315;70357337
2;A;6;AMPL906131345;GGGTGGGAGACACAAGAGATGA;GGGAATCAGGGCCGAGAGTAT;GENE;MED12;hg19;23;70357335;70357357;70357534;70357555
1;C;6;AMPL906991969;GCCTGGGATTGTGAGACTAGG;CGGGTAGGATCTACAAGAGTAGGATTG;GENE;MED12;hg19;23;70357492;70357513;70357688;70357715
2;A;16;AMPL907057590;CAGAGCACCCACCCTTCTAC;ATCTCTTCCTAGCTCACCACTACTTT;GENE;MED12;hg19;23;70357669;70357689;70357799;70357825
1;B;19;AMPL3711831192;TCACCTCCCTCATGCCTTGA;GTAGGATGGCTGTTGAACGGA;GENE;MED12;hg19;23;70360441;70360461;70360564;70360585
2;E;22;AMPL1657944959;CATGATAAGTACCATGACTCCAATGAGT;GGTCCCAGATGAAATCCCAGTG;GENE;MED12;hg19;23;70360515;70360543;70360713;70360735
1;M;19;AMPL794433216;TTCCTCCCTCTGCTCCTTCT;CAGCTGTCCCTGAGCCT;GENE;MED12;hg19;23;70361036;70361056;70361242;70361259
2;B;11;AMPL3711817288;CGGATTGGGAAAGGAGGTTGAAG;CACCCCGCCCCCTAAATT;GENE;MED12;hg19;23;70361663;70361686;70361854;70361872
1;E;8;AMPL932145015;TCCCTCGATACCTGAACAGCTT;CCCAACCACTACTGGTGCTA;GENE;MED12;hg19;23;70361940;70361962;70362143;70362163
